Site,Year,Site_Year,Transect,Quad,Coral #,Coral Genus,Branch morphology,Percent in,Percent alive,Alive or dead,Area_cm2,Filled in ,Notes
LTER_1,2006,LTER_1_2006,1,2,1,POC,2,80,100,Live,158.308,NO,
LTER_1,2006,LTER_1_2006,1,2,2,ACR,1,100,100,Live,17.875,NO,
LTER_1,2006,LTER_1_2006,1,2,3,POC,2,70,50,Live,102.725,NO,
LTER_1,2006,LTER_1_2006,1,2,4,ACR,1,100,100,Live,4.293,NO,
LTER_1,2006,LTER_1_2006,1,2,5,POC,3,100,60,Live,334.618,NO,
LTER_1,2006,LTER_1_2006,1,2,6,POC,3,35,100,Live,244.41,NO,
LTER_1,2006,LTER_1_2006,1,2,7,ACR,1,100,75,Live,349.575,NO,
LTER_1,2006,LTER_1_2006,1,2,8,ACR,1,100,100,Live,7.594,NO,
LTER_1,2006,LTER_1_2006,1,2,9,ACR,1,50,100,Live,16.847,NO,
LTER_1,2006,LTER_1_2006,1,2,10,ACR,1,100,30,Dead,71.424,NO,
LTER_1,2009,LTER_1_2009,1,2,1,POC,3,100,15,Dead,725.7,NO,
LTER_1,2009,LTER_1_2009,1,2,2,ACR,1,100,0,Dead,592.221,NO,
LTER_1,2009,LTER_1_2009,1,2,3,POC,1,90,0,Dead,146.036,NO,
LTER_1,2010,LTER_1_2010,1,2,0,,,,,,,,
LTER_1,2006,LTER_1_2006,1,4,1,POC,3,70,100,Live,321.06,NO,
LTER_1,2006,LTER_1_2006,1,4,2,POC,2,100,100,Live,72.98,NO,
LTER_1,2006,LTER_1_2006,1,4,3,ACR,1,100,100,Live,21.94,NO,
LTER_1,2006,LTER_1_2006,1,4,4,POC,1,50,100,Live,24.66,NO,
LTER_1,2006,LTER_1_2006,1,4,5,POC,1,95,85,Live,536.32,NO,
LTER_1,2006,LTER_1_2006,1,4,6,ACR,1,50,100,Live,22.82,NO,
LTER_1,2006,LTER_1_2006,1,4,7,POC,1,70,40,Dead,77.16,NO,
LTER_1,2006,LTER_1_2006,1,4,8,ACR,1,100,90,Live,4.70,NO,
LTER_1,2009,LTER_1_2009,1,4,1,POC,2,50,0,Dead,303.94,NO,
LTER_1,2009,LTER_1_2009,1,4,2,POC,1,50,0,Dead,122.67,NO,
LTER_1,2009,LTER_1_2009,1,4,3,POC,1,100,0,Dead,133.02,YES,
LTER_1,2009,LTER_1_2009,1,4,4,POC,1,100,100,Live,1.49,NO,
LTER_1,2010,LTER_1_2010,1,4,0,,,,,,,,
LTER_1,2006,LTER_1_2006,2,2,1,ACR,1,95,100,Live,135.919,NO,
LTER_1,2006,LTER_1_2006,2,2,2,ACR,1,100,100,Live,59.05,NO,
LTER_1,2006,LTER_1_2006,2,2,3,ACR,1,25,100,Live,2.794,NO,
LTER_1,2006,LTER_1_2006,2,2,4,ACR,1,100,100,Live,8.642,NO,
LTER_1,2006,LTER_1_2006,2,2,5,ACR,1,50,100,Live,43.511,NO,
LTER_1,2006,LTER_1_2006,2,2,6,ACR,1,100,100,Live,34.145,NO,
LTER_1,2006,LTER_1_2006,2,2,7,ACR,1,100,100,Live,12.298,NO,
LTER_1,2006,LTER_1_2006,2,2,8,ACR,1,100,100,Live,3.163,NO,
LTER_1,2006,LTER_1_2006,2,2,9,ACR,1,100,100,Live,7.112,NO,
LTER_1,2006,LTER_1_2006,2,2,10,ACR,1,100,100,Live,5.277,NO,
LTER_1,2006,LTER_1_2006,2,2,11,POC,1,100,0,Dead,237.688,YES,
LTER_1,2006,LTER_1_2006,2,2,12,ACR,1,100,100,Live,2.512,NO,
LTER_1,2006,LTER_1_2006,2,2,13,ACR,1,100,100,Live,5.663,NO,
LTER_1,2006,LTER_1_2006,2,2,14,ACR,1,100,100,Live,51.304,NO,
LTER_1,2006,LTER_1_2006,2,2,15,POC,1,100,100,Live,5.017,NO,
LTER_1,2006,LTER_1_2006,2,2,16,ACR,1,100,100,Live,5.604,NO,
LTER_1,2006,LTER_1_2006,2,2,17,ACR,1,100,100,Live,40.785,NO,
LTER_1,2006,LTER_1_2006,2,2,18,POC,1,80,0,Dead,59.306,YES,
LTER_1,2009,LTER_1_2009,2,2,1,ACR,1,100,0,Dead,31.833,YES,
LTER_1,2009,LTER_1_2009,2,2,2,ACR,1,100,0,Dead,32.633,NO,
LTER_1,2010,LTER_1_2010,2,2,0,,,,,,,,
LTER_1,2006,LTER_1_2006,2,4,1,ACR,1,100,80,Live,20.52,NO,
LTER_1,2006,LTER_1_2006,2,4,2,ACR,1,100,100,Live,30.28,NO,
LTER_1,2006,LTER_1_2006,2,4,3,ACR,1,80,70,Live,24.80,NO,
LTER_1,2006,LTER_1_2006,2,4,4,ACR,1,100,100,Live,22.10,NO,
LTER_1,2006,LTER_1_2006,2,4,5,ACR,1,100,100,Live,4.84,NO,
LTER_1,2006,LTER_1_2006,2,4,6,ACR,1,100,100,Live,9.12,NO,
LTER_1,2006,LTER_1_2006,2,4,7,ACR,1,80,100,Live,5.62,NO,
LTER_1,2006,LTER_1_2006,2,4,8,ACR,1,100,100,Live,3.11,NO,
LTER_1,2006,LTER_1_2006,2,4,9,POC,1,100,100,Live,48.36,NO,
LTER_1,2006,LTER_1_2006,2,4,10,POC,1,100,0,Dead,67.20,YES,
LTER_1,2006,LTER_1_2006,2,4,11,ACR,1,100,70,Live,54.20,NO,
LTER_1,2006,LTER_1_2006,2,4,12,ACR,2,50,95,Live,1668.52,NO,
LTER_1,2009,LTER_1_2009,2,4,1,POC,2,50,0,Dead,282.10,YES,
LTER_1,2009,LTER_1_2009,2,4,2,ACR,1,100,0,Dead,51.06,NO,
LTER_1,2009,LTER_1_2009,2,4,3,ACR,1,100,0,Dead,58.37,YES,
LTER_1,2009,LTER_1_2009,2,4,4,ACR,1,100,0,Dead,113.28,NO,
LTER_1,2009,LTER_1_2009,2,4,5,POC,1,100,0,Dead,95.59,YES,
LTER_1,2009,LTER_1_2009,2,4,6,ACR,1,100,0,Dead,146.15,NO,
LTER_1,2009,LTER_1_2009,2,4,7,ACR,1,30,0,Dead,235.99,NO,
LTER_1,2010,LTER_1_2010,2,4,0,,,,,,,,
LTER_1,2006,LTER_1_2006,3,2,1,POC,2,100,95,Live,269.417,NO,
LTER_1,2006,LTER_1_2006,3,2,2,ACR,1,70,100,Live,16.278,NO,
LTER_1,2006,LTER_1_2006,3,2,3,POC,2,100,0,Dead,247.947,NO,
LTER_1,2006,LTER_1_2006,3,2,4,ACR,1,100,100,Live,92.682,NO,
LTER_1,2006,LTER_1_2006,3,2,5,POC,2,100,0,Dead,310.335,YES,
LTER_1,2006,LTER_1_2006,3,2,6,ACR,1,100,100,Live,7.073,NO,
LTER_1,2006,LTER_1_2006,3,2,7,POC,2,30,100,Live,17.171,NO,
LTER_1,2006,LTER_1_2006,3,2,8,POC,2,100,100,Live,14.58,NO,
LTER_1,2006,LTER_1_2006,3,2,9,ACR,1,60,100,Live,25.477,NO,
LTER_1,2006,LTER_1_2006,3,2,10,ACR,1,60,100,Live,4.791,NO,
LTER_1,2009,LTER_1_2009,3,2,1,POC,2,100,100,Live,307.756,NO,
LTER_1,2009,LTER_1_2009,3,2,2,POC,2,30,100,Live,47.868,NO,
LTER_1,2010,LTER_1_2010,3,2,0,,,,,,,,
LTER_1,2006,LTER_1_2006,3,4,1,ACR,1,100,100,Live,18.20,NO,
LTER_1,2006,LTER_1_2006,3,4,2,POC,2,90,100,Live,103.84,NO,
LTER_1,2006,LTER_1_2006,3,4,3,ACR,1,100,100,Live,87.28,NO,
LTER_1,2006,LTER_1_2006,3,4,4,POC,3,25,100,Live,264.76,NO,
LTER_1,2006,LTER_1_2006,3,4,5,POC,2,90,100,Live,110.88,NO,
LTER_1,2006,LTER_1_2006,3,4,6,ACR,1,100,100,Live,35.64,NO,
LTER_1,2006,LTER_1_2006,3,4,7,POC,1,100,95,Live,491.36,NO,
LTER_1,2006,LTER_1_2006,3,4,8,ACR,1,100,100,Live,12.96,NO,
LTER_1,2006,LTER_1_2006,3,4,9,POC,2,20,100,Live,29.96,NO,
LTER_1,2006,LTER_1_2006,3,4,10,ACR,1,50,100,Live,7.96,NO,
LTER_1,2006,LTER_1_2006,3,4,11,ACR,1,100,100,Live,14.00,NO,
LTER_1,2009,LTER_1_2009,3,4,1,POC,3,35,100,Live,384.18,NO,
LTER_1,2009,LTER_1_2009,3,4,2,POC,1,90,0,Dead,567.29,NO,
LTER_1,2010,LTER_1_2010,3,4,0,,,,,,,,
LTER_1,2006,LTER_1_2006,4,2,1,POC,2,30,100,Live,20.606,NO,
LTER_1,2006,LTER_1_2006,4,2,2,ACR,1,100,100,Live,29.942,NO,
LTER_1,2006,LTER_1_2006,4,2,3,ACR,1,70,90,Live,23.51,NO,
LTER_1,2006,LTER_1_2006,4,2,4,POC,3,100,100,Live,49.176,NO,
LTER_1,2006,LTER_1_2006,4,2,5,POC,3,30,100,Live,131.724,NO,
LTER_1,2006,LTER_1_2006,4,2,6,ACR,1,100,100,Live,121.259,NO,
LTER_1,2006,LTER_1_2006,4,2,7,ACR,1,100,100,Live,53.043,NO,
LTER_1,2006,LTER_1_2006,4,2,8,ACR,1,75,80,Live,119.319,NO,
LTER_1,2006,LTER_1_2006,4,2,9,POC,2,20,100,Live,23.23,NO,
LTER_1,2006,LTER_1_2006,4,2,10,ACR,1,25,100,Live,5.426,NO,
LTER_1,2006,LTER_1_2006,4,2,11,ACR,1,100,100,Live,21.613,NO,
LTER_1,2006,LTER_1_2006,4,2,12,ACR,1,100,90,Live,19.783,NO,
LTER_1,2006,LTER_1_2006,4,2,13,ACR,1,100,100,Live,16.757,NO,
LTER_1,2006,LTER_1_2006,4,2,14,POC,2,100,100,Live,122.691,NO,
LTER_1,2006,LTER_1_2006,4,2,15,ACR,1,100,100,Live,48.693,NO,
LTER_1,2009,LTER_1_2009,4,2,1,POC,3,90,0,Dead,287.476,NO,
LTER_1,2009,LTER_1_2009,4,2,2,POC,3,25,0,Dead,156.825,NO,
LTER_1,2009,LTER_1_2009,4,2,3,ACR,1,90,0,Dead,160.104,NO,
LTER_1,2009,LTER_1_2009,4,2,4,ACR,1,100,0,Dead,64.546,NO,
LTER_1,2010,LTER_1_2010,4,2,0,,,,,,,,
LTER_1,2006,LTER_1_2006,4,4,1,POC,2,100,100,Live,84.00,NO,
LTER_1,2006,LTER_1_2006,4,4,2,ACR,1,100,100,Live,14.16,NO,
LTER_1,2006,LTER_1_2006,4,4,3,ACR,1,100,100,Live,50.64,NO,
LTER_1,2006,LTER_1_2006,4,4,4,ACR,1,100,70,Live,45.12,NO,
LTER_1,2006,LTER_1_2006,4,4,5,ACR,1,100,100,Live,35.36,NO,
LTER_1,2006,LTER_1_2006,4,4,6,POC,2,40,85,Live,373.96,NO,
LTER_1,2006,LTER_1_2006,4,4,7,POC,2,80,100,Live,244.32,NO,
LTER_1,2006,LTER_1_2006,4,4,8,ACR,1,100,100,Live,28.68,NO,
LTER_1,2006,LTER_1_2006,4,4,9,ACR,1,100,100,Live,14.84,NO,
LTER_1,2006,LTER_1_2006,4,4,10,ACR,1,100,100,Live,16.00,NO,
LTER_1,2006,LTER_1_2006,4,4,11,ACR,1,30,100,Live,22.48,NO,
LTER_1,2006,LTER_1_2006,4,4,12,ACR,1,80,100,Live,330.08,NO,
LTER_1,2009,LTER_1_2009,4,4,1,POC,1,80,80,Live,350.62,NO,
LTER_1,2009,LTER_1_2009,4,4,2,POC,1,35,0,Dead,428.84,NO,
LTER_1,2010,LTER_1_2010,4,4,0,,,,,,,,
LTER_1,2006,LTER_1_2006,5,2,1,POC,2,100,50,Live,113.399,NO,
LTER_1,2006,LTER_1_2006,5,2,2,POC,1,50,0,Dead,91.081,NO,
LTER_1,2006,LTER_1_2006,5,2,3,ACR,1,100,100,Live,8.418,NO,
LTER_1,2006,LTER_1_2006,5,2,4,POC,1,75,2,Dead,247.659,YES,
LTER_1,2006,LTER_1_2006,5,2,5,POC,2,80,95,Live,143.4,NO,
LTER_1,2006,LTER_1_2006,5,2,6,POC,2,30,100,Live,55.139,NO,
LTER_1,2006,LTER_1_2006,5,2,7,ACR,1,100,100,Live,20.525,NO,
LTER_1,2006,LTER_1_2006,5,2,8,POC,2,100,100,Live,59.858,NO,
LTER_1,2006,LTER_1_2006,5,2,9,POC,2,40,100,Live,157.19,NO,
LTER_1,2006,LTER_1_2006,5,2,10,ACR,1,100,100,Live,22.261,NO,
LTER_1,2006,LTER_1_2006,5,2,11,POC,2,100,10,Dead,332.532,NO,
LTER_1,2006,LTER_1_2006,5,2,12,,,100,80,Live,54.809,NO,
LTER_1,2009,LTER_1_2009,5,2,1,POC,1,100,0,Dead,50.509,NO,
LTER_1,2009,LTER_1_2009,5,2,2,POC,2,100,0,Dead,204.908,NO,
LTER_1,2009,LTER_1_2009,5,2,3,POC,1,100,0,Dead,76.182,NO,
LTER_1,2009,LTER_1_2009,5,2,4,POC,1,100,0,Dead,49.431,YES,
LTER_1,2009,LTER_1_2009,5,2,5,POC,1,100,0,Dead,104.787,NO,
LTER_1,2009,LTER_1_2009,5,2,6,POC,1,90,0,Dead,103.104,NO,
LTER_1,2009,LTER_1_2009,5,2,7,POC,1,30,0,Dead,27.026,NO,
LTER_1,2009,LTER_1_2009,5,2,8,POC,1,50,0,Dead,80.792,NO,
LTER_1,2009,LTER_1_2009,5,2,9,POC,1,100,0,Dead,105.415,NO,
LTER_1,2009,LTER_1_2009,5,2,10,POC,1,80,0,Dead,83.342,NO,
LTER_1,2009,LTER_1_2009,5,2,11,POC,1,90,0,Dead,145.862,NO,
LTER_1,2010,LTER_1_2010,5,2,0,,,,,,,,
LTER_1,2006,LTER_1_2006,5,4,1,POC,1,30,70,Live,124.52,NO,
LTER_1,2006,LTER_1_2006,5,4,2,ACR,1,70,60,Live,300.52,NO,
LTER_1,2006,LTER_1_2006,5,4,3,ACR,1,100,100,Live,44.00,NO,
LTER_1,2006,LTER_1_2006,5,4,4,POC,1,100,100,Live,231.92,NO,
LTER_1,2006,LTER_1_2006,5,4,5,ACR,1,50,100,Live,23.12,NO,
LTER_1,2009,LTER_1_2009,5,4,1,POC,1,100,0,Dead,185.73,NO,
LTER_1,2009,LTER_1_2009,5,4,2,POC,1,100,0,Dead,21.03,NO,
LTER_1,2009,LTER_1_2009,5,4,3,ACR,1,100,0,Dead,28.02,NO,
LTER_1,2009,LTER_1_2009,5,4,4,POC,1,100,0,Dead,85.14,NO,
LTER_1,2009,LTER_1_2009,5,4,5,POC,1,80,0,Dead,99.42,NO,
LTER_1,2009,LTER_1_2009,5,4,6,POC,1,30,0,Dead,216.37,NO,
LTER_1,2010,LTER_1_2010,5,4,0,,,,,,,,
LTER_2,2006,LTER_2_2006,1,2,1,POC,3,50,100,Live,207.514,NO,
LTER_2,2006,LTER_2_2006,1,2,2,ACR,1,100,90,Live,84.359,NO,
LTER_2,2006,LTER_2_2006,1,2,3,ACR,1,100,100,Live,39.296,NO,
LTER_2,2006,LTER_2_2006,1,2,4,POC,2,100,100,Live,195.631,NO,
LTER_2,2006,LTER_2_2006,1,2,5,ACR,1,100,100,Live,87.1,NO,
LTER_2,2006,LTER_2_2006,1,2,6,POC,2,60,20,Dead,104.975,NO,
LTER_2,2006,LTER_2_2006,1,2,7,ACR,1,100,0,Dead,28.62,NO,
LTER_2,2006,LTER_2_2006,1,2,8,ACR,1,95,100,Live,16.461,NO,
LTER_2,2006,LTER_2_2006,1,2,9,ACR,1,95,100,Live,17.619,NO,
LTER_2,2006,LTER_2_2006,1,2,10,POC,1,100,0,Dead,156.878,YES,
LTER_2,2006,LTER_2_2006,1,2,11,ACR,1,100,100,Live,11.708,NO,
LTER_2,2006,LTER_2_2006,1,2,12,ACR,1,100,100,Live,4.879,NO,
LTER_2,2006,LTER_2_2006,1,2,13,ACR,1,30,50,Live,11.193,NO,
LTER_2,2009,LTER_2_2009,1,2,1,POC,3,20,100,Live,32.653,NO,
LTER_2,2009,LTER_2_2009,1,2,2,POC,2,100,0,Dead,89.785,NO,
LTER_2,2009,LTER_2_2009,1,2,3,POC,2,100,0,Dead,76.597,NO,
LTER_2,2010,LTER_2_2010,1,2,1,POC,2,50,0,Dead,105.83,NO,
LTER_2,2006,LTER_2_2006,1,6,1,POC,2,30,100,Live,37.072,NO,
LTER_2,2006,LTER_2_2006,1,6,2,ACR,1,100,100,Live,119.282,NO,
LTER_2,2006,LTER_2_2006,1,6,3,ACR,1,100,100,Live,19.66,NO,
LTER_2,2006,LTER_2_2006,1,6,4,ACR,1,95,100,Live,56.486,NO,
LTER_2,2006,LTER_2_2006,1,6,5,ACR,1,40,65,Live,126.242,NO,
LTER_2,2006,LTER_2_2006,1,6,6,ACR,1,100,90,Live,261.264,NO,
LTER_2,2006,LTER_2_2006,1,6,7,ACR,1,100,100,Live,9.929,NO,
LTER_2,2006,LTER_2_2006,1,6,8,ACR,1,40,100,Live,166.835,NO,
LTER_2,2006,LTER_2_2006,1,6,9,ACR,1,60,100,Live,248.622,NO,
LTER_2,2006,LTER_2_2006,1,6,10,ACR,1,70,100,Live,33.602,NO,
LTER_2,2006,LTER_2_2006,1,6,11,POC,1,100,85,Live,360.731,NO,
LTER_2,2006,LTER_2_2006,1,6,12,ACR,1,50,100,Live,4.028,NO,
LTER_2,2006,LTER_2_2006,1,6,13,ACR,1,100,100,Live,3.681,NO,
LTER_2,2009,LTER_2_2009,1,6,1,ACR,1,100,5,Dead,91.592,NO,
LTER_2,2009,LTER_2_2009,1,6,2,ACR,1,100,0,Dead,17.147,NO,
LTER_2,2009,LTER_2_2009,1,6,3,POC,1,80,0,Dead,41.026,NO,
LTER_2,2009,LTER_2_2009,1,6,4,ACR,1,60,0,Dead,410.677,YES,
LTER_2,2009,LTER_2_2009,1,6,5,ACR,1,50,0,Dead,33.398,YES,
LTER_2,2010,LTER_2_2010,1,6,1,ACR,1,100,0,Dead,35.954,NO,
LTER_2,2006,LTER_2_2006,2,2,1,POC,2,50,100,Live,30.168,NO,
LTER_2,2006,LTER_2_2006,2,2,2,ACR,1,100,100,Live,47.261,NO,
LTER_2,2006,LTER_2_2006,2,2,3,POC,3,100,95,Live,69.737,NO,
LTER_2,2006,LTER_2_2006,2,2,4,POC,2,100,100,Live,62.754,NO,
LTER_2,2006,LTER_2_2006,2,2,5,ACR,1,100,60,Live,28.651,NO,
LTER_2,2006,LTER_2_2006,2,2,6,POC,2,100,100,Live,71.408,NO,
LTER_2,2006,LTER_2_2006,2,2,7,POC,2,75,60,Live,124.679,NO,
LTER_2,2006,LTER_2_2006,2,2,8,ACR,1,100,100,Live,2.586,NO,
LTER_2,2006,LTER_2_2006,2,2,9,ACR,1,100,100,Live,7.27,NO,
LTER_2,2006,LTER_2_2006,2,2,10,ACR,1,100,100,Live,4.899,NO,
LTER_2,2006,LTER_2_2006,2,2,11,ACR,1,75,95,Live,257.676,NO,
LTER_2,2006,LTER_2_2006,2,2,12,POC,2,25,100,Live,29.404,NO,
LTER_2,2009,LTER_2_2009,2,2,1,POC,2,100,0,Dead,65.496,NO,
LTER_2,2009,LTER_2_2009,2,2,2,POC,2,100,0,Dead,56.953,NO,
LTER_2,2009,LTER_2_2009,2,2,3,POC,2,100,0,Dead,70.453,NO,
LTER_2,2009,LTER_2_2009,2,2,4,ACR,1,50,0,Dead,24.075,NO,
LTER_2,2009,LTER_2_2009,2,2,5,POC,2,100,0,Dead,88.511,YES,
LTER_2,2009,LTER_2_2009,2,2,6,POC,2,50,0,Dead,52.034,NO,
LTER_2,2010,LTER_2_2010,2,2,0,,,,,,,,
LTER_2,2006,LTER_2_2006,2,4,1,ACR,1,30,100,Live,58.588,NO,
LTER_2,2006,LTER_2_2006,2,4,2,POC,2,100,100,Live,22.106,NO,
LTER_2,2006,LTER_2_2006,2,4,3,ACR,1,50,100,Live,60.047,NO,
LTER_2,2006,LTER_2_2006,2,4,4,ACR,1,90,100,Live,16.498,NO,
LTER_2,2006,LTER_2_2006,2,4,5,ACR,1,100,100,Live,6.505,NO,
LTER_2,2006,LTER_2_2006,2,4,6,POC,2,100,0,Dead,53.656,YES,
LTER_2,2006,LTER_2_2006,2,4,7,ACR,1,100,100,Live,9.345,NO,
LTER_2,2009,LTER_2_2009,2,4,1,ACR,1,100,0,Dead,22.971,NO,
LTER_2,2009,LTER_2_2009,2,4,2,ACR,1,100,0,Dead,26.185,NO,
LTER_2,2010,LTER_2_2010,2,4,0,,,,,,,,
LTER_2,2006,LTER_2_2006,3,2,1,POC,2,70,50,Live,167.577,NO,
LTER_2,2006,LTER_2_2006,3,2,2,ACR,1,100,100,Live,4.408,NO,
LTER_2,2006,LTER_2_2006,3,2,3,POC,2,100,25,Dead,441.331,NO,
LTER_2,2006,LTER_2_2006,3,2,4,ACR,1,100,100,Live,105.179,NO,
LTER_2,2006,LTER_2_2006,3,2,5,ACR,1,100,100,Live,22.422,NO,
LTER_2,2006,LTER_2_2006,3,2,6,ACR,1,100,100,Live,71.248,NO,
LTER_2,2006,LTER_2_2006,3,2,7,ACR,1,75,100,Live,45.493,NO,
LTER_2,2006,LTER_2_2006,3,2,8,ACR,1,100,100,Live,26.272,NO,
LTER_2,2006,LTER_2_2006,3,2,9,ACR,1,100,100,Live,4.017,NO,
LTER_2,2006,LTER_2_2006,3,2,10,ACR,1,100,100,Live,32.689,NO,
LTER_2,2006,LTER_2_2006,3,2,11,ACR,1,100,100,Live,10.029,NO,
LTER_2,2006,LTER_2_2006,3,2,12,ACR,1,80,100,Live,17.501,NO,
LTER_2,2009,LTER_2_2009,3,2,1,POC,2,100,0,Dead,23.396,NO,
LTER_2,2009,LTER_2_2009,3,2,2,POC,2,100,0,Dead,107.252,NO,
LTER_2,2009,LTER_2_2009,3,2,3,ACR,1,50,0,Dead,118.06,NO,
LTER_2,2010,LTER_2_2010,3,2,0,,,,,,,,
LTER_2,2006,LTER_2_2006,3,4,1,ACR,1,100,25,Dead,418.782,YES,
LTER_2,2006,LTER_2_2006,3,4,2,ACR,1,100,90,Live,44.904,NO,
LTER_2,2006,LTER_2_2006,3,4,3,ACR,1,100,90,Live,16.613,NO,
LTER_2,2006,LTER_2_2006,3,4,4,ACR,1,100,100,Live,12.213,NO,
LTER_2,2006,LTER_2_2006,3,4,5,ACR,1,100,100,Live,9.601,NO,
LTER_2,2006,LTER_2_2006,3,4,6,ACR,1,100,100,Live,33.231,NO,
LTER_2,2006,LTER_2_2006,3,4,7,ACR,1,100,100,Live,13.491,NO,
LTER_2,2009,LTER_2_2009,3,4,0,,,,,,,,
LTER_2,2010,LTER_2_2010,3,4,0,,,,,,,,
LTER_2,2006,LTER_2_2006,4,2,1,POC,3,25,100,Live,35.575,NO,
LTER_2,2006,LTER_2_2006,4,2,2,ACR,1,75,100,Live,118.941,NO,
LTER_2,2006,LTER_2_2006,4,2,3,POC,2,100,100,Live,59.15,NO,
LTER_2,2006,LTER_2_2006,4,2,4,POC,2,100,40,Dead,52.798,NO,
LTER_2,2006,LTER_2_2006,4,2,5,ACR,1,100,95,Live,48.24,NO,
LTER_2,2006,LTER_2_2006,4,2,6,POC,2,70,60,Live,91.56,NO,
LTER_2,2006,LTER_2_2006,4,2,7,POC,2,50,100,Live,23.46,NO,
LTER_2,2006,LTER_2_2006,4,2,8,ACR,1,100,100,Live,12.7,NO,
LTER_2,2006,LTER_2_2006,4,2,9,ACR,1,100,100,Live,8.598,NO,
LTER_2,2009,LTER_2_2009,4,2,1,POC,2,40,0,Dead,45.098,NO,
LTER_2,2009,LTER_2_2009,4,2,2,POC,2,90,0,Dead,41.595,NO,
LTER_2,2009,LTER_2_2009,4,2,3,ACR,1,90,0,Dead,67.344,NO,
LTER_2,2009,LTER_2_2009,4,2,4,ACR,1,100,0,Dead,56.032,NO,
LTER_2,2009,LTER_2_2009,4,2,5,ACR,1,90,0,Dead,74.313,NO,
LTER_2,2009,LTER_2_2009,4,2,6,POC,2,100,0,Dead,85.754,NO,
LTER_2,2010,LTER_2_2010,4,2,0,,,,,,,,
LTER_2,2006,LTER_2_2006,4,4,1,POC,2,90,15,Dead,570.663,NO,
LTER_2,2006,LTER_2_2006,4,4,2,ACR,1,25,100,Live,24.65,NO,
LTER_2,2006,LTER_2_2006,4,4,3,ACR,1,100,100,Live,66.763,NO,
LTER_2,2006,LTER_2_2006,4,4,4,ACR,1,80,10,Dead,345.646,NO,
LTER_2,2009,LTER_2_2009,4,4,0,,,,,,,,
LTER_2,2010,LTER_2_2010,4,4,0,,,,,,,,
LTER_2,2006,LTER_2_2006,5,2,1,POC,2,60,70,Live,112.794,NO,
LTER_2,2006,LTER_2_2006,5,2,2,ACR,3,80,50,Live,888.848,NO,
LTER_2,2006,LTER_2_2006,5,2,3,POC,2,75,100,Live,69.183,NO,
LTER_2,2009,LTER_2_2009,5,2,1,POC,2,60,0,Dead,117.685,NO,
LTER_2,2009,LTER_2_2009,5,2,2,ACR,3,60,0,Dead,393.875,NO,
LTER_2,2009,LTER_2_2009,5,2,3,ACR,1,100,0,Dead,53.053,NO,
LTER_2,2010,LTER_2_2010,5,2,0,,,,,,,,
LTER_2,2006,LTER_2_2006,5,4,1,POC,2,50,100,Live,119.208,NO,
LTER_2,2006,LTER_2_2006,5,4,2,POC,2,30,0,Dead,57.618,NO,
LTER_2,2006,LTER_2_2006,5,4,3,POC,2,100,0,Dead,153.564,NO,
LTER_2,2006,LTER_2_2006,5,4,4,ACR,1,75,100,Live,72.036,NO,
LTER_2,2006,LTER_2_2006,5,4,5,ACR,1,100,90,Live,25.585,NO,
LTER_2,2009,LTER_2_2009,5,4,1,ACR,1,50,0,Dead,152.556,NO,
LTER_2,2010,LTER_2_2010,5,4,0,,,,,,,,
LTER_3,2006,LTER_3_2006,1,2,1,ACR,1,50,20,Dead,78.855,NO,
LTER_3,2006,LTER_3_2006,1,2,2,ACR,1,100,100,Live,284.928,NO,
LTER_3,2006,LTER_3_2006,1,2,3,POC,2,100,95,Live,103.781,NO,
LTER_3,2006,LTER_3_2006,1,2,4,ACR,1,30,100,Live,10.993,NO,
LTER_3,2006,LTER_3_2006,1,2,5,ACR,1,70,100,Live,70.993,NO,
LTER_3,2006,LTER_3_2006,1,2,6,POC,2,90,95,Live,55.618,NO,
LTER_3,2006,LTER_3_2006,1,2,7,POC,2,50,0,Dead,17.519,NO,
LTER_3,2006,LTER_3_2006,1,2,8,ACR,1,100,100,Live,10.761,NO,
LTER_3,2006,LTER_3_2006,1,2,9,ACR,1,100,100,Live,12.243,NO,
LTER_3,2006,LTER_3_2006,1,2,10,POC,2,100,100,Live,21.12,NO,
LTER_3,2009,LTER_3_2009,1,2,1,ACR,1,100,0,Dead,316.044,NO,
LTER_3,2009,LTER_3_2009,1,2,2,POC,2,100,0,Dead,124.853,NO,
LTER_3,2009,LTER_3_2009,1,2,3,POC,2,60,0,Dead,91.815,NO,
LTER_3,2009,LTER_3_2009,1,2,4,POC,2,100,0,Dead,21.082,NO,
LTER_3,2009,LTER_3_2009,1,2,5,POC,2,100,0,Dead,113.266,NO,
LTER_3,2009,LTER_3_2009,1,2,6,ACR,1,50,0,Dead,54.541,NO,
LTER_3,2010,LTER_3_2010,1,2,1,ACR,1,100,0,Dead,341.804,NO,
LTER_3,2010,LTER_3_2010,1,2,2,POC,2,100,0,Dead,118.685,YES,
LTER_3,2010,LTER_3_2010,1,2,3,POC,2,100,0,Dead,42.318,YES,
LTER_3,2006,LTER_3_2006,1,4,1,POC,3,80,100,Live,147.352,NO,
LTER_3,2006,LTER_3_2006,1,4,2,ACR,1,80,100,Live,118.518,NO,
LTER_3,2006,LTER_3_2006,1,4,3,POC,2,100,75,Live,48.397,NO,
LTER_3,2006,LTER_3_2006,1,4,4,POC,2,30,30,Dead,25.119,NO,
LTER_3,2006,LTER_3_2006,1,4,5,ACR,1,90,100,Live,126.69,NO,
LTER_3,2006,LTER_3_2006,1,4,6,ACR,1,100,100,Live,24.261,NO,
LTER_3,2006,LTER_3_2006,1,4,7,POC,2,30,100,Live,23.2,NO,
LTER_3,2006,LTER_3_2006,1,4,8,POC,2,25,100,Live,17.312,NO,
LTER_3,2009,LTER_3_2009,1,4,1,POC,3,60,0,Dead,504.139,NO,
LTER_3,2009,LTER_3_2009,1,4,2,ACR,1,50,0,Dead,70.081,NO,
LTER_3,2009,LTER_3_2009,1,4,3,ACR,1,50,0,Dead,76.622,YES,
LTER_3,2009,LTER_3_2009,1,4,4,POC,2,100,0,Dead,46.786,NO,
LTER_3,2009,LTER_3_2009,1,4,5,POC,2,100,0,Dead,25.961,NO,
LTER_3,2009,LTER_3_2009,1,4,6,POC,2,90,0,Dead,460.27,NO,
LTER_3,2010,LTER_3_2010,1,4,1,ACR,1,50,0,Dead,49.713,NO,
LTER_3,2010,LTER_3_2010,1,4,2,POC,3,100,0,Dead,222.905,NO,
LTER_3,2006,LTER_3_2006,2,2,1,ACR,1,90,60,Live,170.426,NO,
LTER_3,2006,LTER_3_2006,2,2,2,ACR,1,100,100,Live,47.509,NO,
LTER_3,2006,LTER_3_2006,2,2,3,ACR,1,100,80,Live,198.64,NO,
LTER_3,2006,LTER_3_2006,2,2,4,ACR,1,100,100,Live,20.19,NO,
LTER_3,2006,LTER_3_2006,2,2,5,ACR,1,80,100,Live,18.59,NO,
LTER_3,2006,LTER_3_2006,2,2,6,ACR,1,75,100,Live,16.54,NO,
LTER_3,2009,LTER_3_2009,2,2,1,ACR,1,50,0,Dead,41.967,YES,
LTER_3,2009,LTER_3_2009,2,2,2,ACR,1,100,0,Dead,21.69,NO,
LTER_3,2009,LTER_3_2009,2,2,3,ACR,1,100,0,Dead,35.512,NO,
LTER_3,2009,LTER_3_2009,2,2,4,POC,2,100,0,Dead,56.783,NO,
LTER_3,2009,LTER_3_2009,2,2,5,ACR,1,100,0,Dead,127.792,NO,
LTER_3,2009,LTER_3_2009,2,2,6,ACR,1,50,0,Dead,31.839,YES,
LTER_3,2010,LTER_3_2010,2,2,1,ACR,1,100,0,Dead,31.897,NO,
LTER_3,2010,LTER_3_2010,2,2,2,ACR,1,100,0,Dead,118.314,NO,
LTER_3,2010,LTER_3_2010,2,2,3,ACR,1,70,0,Dead,18.886,NO,
LTER_3,2006,LTER_3_2006,2,4,1,ACR,1,50,100,Live,211.03,NO,
LTER_3,2006,LTER_3_2006,2,4,2,ACR,1,100,0,Dead,105.59,NO,
LTER_3,2006,LTER_3_2006,2,4,3,POC,2,100,30,Dead,74.577,NO,
LTER_3,2006,LTER_3_2006,2,4,4,POC,2,90,100,Live,64.86,NO,
LTER_3,2006,LTER_3_2006,2,4,5,POC,2,60,70,Live,279.727,NO,
LTER_3,2006,LTER_3_2006,2,4,6,ACR,1,90,40,Dead,26.566,NO,
LTER_3,2009,LTER_3_2009,2,4,1,POC,2,100,0,Dead,63.153,NO,
LTER_3,2010,LTER_3_2010,2,4,1,POC,2,100,0,Dead,123.46,NO,
LTER_3,2006,LTER_3_2006,3,2,1,POC,2,50,100,Live,36.687,NO,
LTER_3,2006,LTER_3_2006,3,2,2,POC,2,100,90,Live,181.543,NO,
LTER_3,2006,LTER_3_2006,3,2,3,ACR,1,60,100,Live,280.034,NO,
LTER_3,2006,LTER_3_2006,3,2,4,ACR,1,100,95,Live,31.841,NO,
LTER_3,2006,LTER_3_2006,3,2,5,ACR,1,50,95,Live,185.439,NO,
LTER_3,2006,LTER_3_2006,3,2,6,POC,2,90,100,Live,126.938,NO,
LTER_3,2006,LTER_3_2006,3,2,7,ACR,1,95,90,Live,108.237,NO,
LTER_3,2006,LTER_3_2006,3,2,8,POC,2,100,100,Live,84.954,NO,
LTER_3,2006,LTER_3_2006,3,2,9,ACR,1,100,100,Live,31.616,NO,
LTER_3,2006,LTER_3_2006,3,2,10,ACR,1,100,100,Live,41.796,NO,
LTER_3,2006,LTER_3_2006,3,2,11,POC,2,80,100,Live,184.261,NO,
LTER_3,2006,LTER_3_2006,3,2,12,ACR,1,25,100,Live,12.627,NO,
LTER_3,2009,LTER_3_2009,3,2,1,POC,2,100,0,Dead,176.555,YES,
LTER_3,2009,LTER_3_2009,3,2,2,ACR,1,100,0,Dead,266.976,YES,
LTER_3,2009,LTER_3_2009,3,2,3,POC,2,100,0,Dead,47.199,NO,
LTER_3,2009,LTER_3_2009,3,2,4,ACR,1,100,0,Dead,130.973,YES,
LTER_3,2009,LTER_3_2009,3,2,5,POC,2,70,0,Dead,160.843,NO,
LTER_3,2010,LTER_3_2010,3,2,1,POC,2,100,0,Dead,396.32,NO,
LTER_3,2010,LTER_3_2010,3,2,2,POC,2,70,0,Dead,253.675,NO,
LTER_3,2006,LTER_3_2006,3,4,1,POC,2,60,25,Dead,294.943,NO,
LTER_3,2006,LTER_3_2006,3,4,2,POC,2,100,90,Live,321.201,NO,
LTER_3,2006,LTER_3_2006,3,4,3,POC,2,60,90,Live,317.531,NO,
LTER_3,2009,LTER_3_2009,3,4,1,POC,2,100,0,Dead,164.546,NO,
LTER_3,2009,LTER_3_2009,3,4,2,POC,2,50,0,Dead,91.693,NO,
LTER_3,2009,LTER_3_2009,3,4,3,POC,2,90,0,Dead,178.21,YES,
LTER_3,2010,LTER_3_2010,3,4,1,POC,2,100,0,Dead,57.831,NO,
LTER_3,2006,LTER_3_2006,4,2,1,POC,3,80,50,Live,883.176,NO,
LTER_3,2006,LTER_3_2006,4,2,2,POC,2,90,90,Live,302.45,NO,
LTER_3,2006,LTER_3_2006,4,2,3,POC,2,100,95,Live,306.288,NO,
LTER_3,2006,LTER_3_2006,4,2,4,ACR,1,30,100,Live,9.274,NO,
LTER_3,2006,LTER_3_2006,4,2,5,POC,2,60,100,Live,114.894,NO,
LTER_3,2006,LTER_3_2006,4,2,6,POC,2,50,100,Live,63.339,NO,
LTER_3,2009,LTER_3_2009,4,2,1,POC,3,60,0,Dead,946.431,YES,
LTER_3,2009,LTER_3_2009,4,2,2,POC,2,40,0,Dead,55.814,YES,
LTER_3,2009,LTER_3_2009,4,2,3,POC,2,100,0,Dead,554.28,NO,
LTER_3,2010,LTER_3_2010,4,2,1,POC,3,10,0,Dead,86.229,NO,
LTER_3,2010,LTER_3_2010,4,2,2,POC,2,95,0,Dead,245.502,NO,
LTER_3,2006,LTER_3_2006,4,4,1,ACR,1,80,100,Live,162.996,NO,
LTER_3,2006,LTER_3_2006,4,4,2,ACR,1,100,100,Live,24.067,NO,
LTER_3,2006,LTER_3_2006,4,4,3,ACR,1,100,100,Live,58.941,NO,
LTER_3,2006,LTER_3_2006,4,4,4,ACR,1,100,100,Live,5.788,NO,
LTER_3,2006,LTER_3_2006,4,4,5,POC,2,100,100,Live,121.226,NO,
LTER_3,2006,LTER_3_2006,4,4,6,ACR,1,30,100,Live,7.182,NO,
LTER_3,2006,LTER_3_2006,4,4,7,POC,2,60,50,Live,767.532,NO,
LTER_3,2006,LTER_3_2006,4,4,8,POC,3,30,95,Live,181.044,NO,
LTER_3,2009,LTER_3_2009,4,4,1,POC,2,85,0,Dead,801.336,NO,
LTER_3,2009,LTER_3_2009,4,4,2,ACR,1,70,0,Dead,56.532,NO,
LTER_3,2009,LTER_3_2009,4,4,3,ACR,1,85,0,Dead,248.367,NO,
LTER_3,2009,LTER_3_2009,4,4,4,POC,3,30,0,Dead,127.918,NO,
LTER_3,2009,LTER_3_2009,4,4,5,POC,2,100,0,Dead,58.763,NO,
LTER_3,2009,LTER_3_2009,4,4,6,ACR,1,100,0,Dead,27.366,NO,
LTER_3,2010,LTER_3_2010,4,4,1,POC,2,100,0,Dead,953.029,NO,
LTER_3,2010,LTER_3_2010,4,4,2,POC,2,100,0,Dead,64.35,NO,
LTER_3,2010,LTER_3_2010,4,4,3,ACR,1,25,0,Dead,63.481,NO,
LTER_3,2010,LTER_3_2010,4,4,4,POC,3,60,0,Dead,187.302,NO,
LTER_3,2006,LTER_3_2006,5,2,1,ACR,1,100,90,Live,45.997,NO,
LTER_3,2006,LTER_3_2006,5,2,2,ACR,1,50,95,Live,55.791,NO,
LTER_3,2006,LTER_3_2006,5,2,3,POC,2,100,100,Live,137.013,NO,
LTER_3,2006,LTER_3_2006,5,2,4,POC,2,90,100,Live,71.007,NO,
LTER_3,2006,LTER_3_2006,5,2,5,POC,2,100,100,Live,50.632,NO,
LTER_3,2006,LTER_3_2006,5,2,6,POC,2,100,100,Live,218.113,NO,
LTER_3,2006,LTER_3_2006,5,2,7,ACR,1,100,80,Live,174.21,NO,
LTER_3,2006,LTER_3_2006,5,2,8,POC,2,50,100,Live,37.141,NO,
LTER_3,2009,LTER_3_2009,5,2,1,POC,2,100,0,Dead,246.534,NO,
LTER_3,2009,LTER_3_2009,5,2,2,POC,2,100,0,Dead,181.109,NO,
LTER_3,2009,LTER_3_2009,5,2,3,ACR,1,20,0,Dead,24.819,NO,
LTER_3,2009,LTER_3_2009,5,2,4,ACR,1,100,0,Dead,97.689,NO,
LTER_3,2009,LTER_3_2009,5,2,5,POC,2,100,0,Dead,399.627,NO,
LTER_3,2010,LTER_3_2010,5,2,1,POC,2,100,0,Dead,89.504,NO,
LTER_3,2010,LTER_3_2010,5,2,2,POC,2,100,0,Dead,133.458,NO,
LTER_3,2006,LTER_3_2006,5,4,1,POC,3,40,100,Live,243.293,NO,
LTER_3,2006,LTER_3_2006,5,4,2,ACR,1,100,100,Live,216.349,NO,
LTER_3,2006,LTER_3_2006,5,4,3,POC,2,100,100,Live,29.77,NO,
LTER_3,2006,LTER_3_2006,5,4,4,POC,2,100,0,Dead,176.28,NO,
LTER_3,2006,LTER_3_2006,5,4,5,POC,2,95,0,Dead,131.235,NO,
LTER_3,2006,LTER_3_2006,5,4,6,ACR,1,25,100,Live,22.341,NO,
LTER_3,2006,LTER_3_2006,5,4,7,POC,2,25,90,Live,31.528,NO,
LTER_3,2006,LTER_3_2006,5,4,8,ACR,1,100,0,Dead,80.809,NO,
LTER_3,2009,LTER_3_2009,5,4,1,POC,3,60,0,Dead,398.172,NO,
LTER_3,2009,LTER_3_2009,5,4,2,POC,2,100,0,Dead,150.385,NO,
LTER_3,2009,LTER_3_2009,5,4,3,POC,2,80,0,Dead,96.571,NO,
LTER_3,2009,LTER_3_2009,5,4,4,ACR,1,100,0,Dead,82.978,NO,
LTER_3,2009,LTER_3_2009,5,4,5,POC,2,90,0,Dead,80.998,NO,
LTER_3,2009,LTER_3_2009,5,4,6,POC,2,30,0,Dead,42.176,NO,
LTER_3,2010,LTER_3_2010,5,4,1,POC,3,80,0,Dead,428.689,NO,
LTER_3,2010,LTER_3_2010,5,4,2,ACR,1,30,0,Dead,20.606,NO,
LTER_3,2010,LTER_3_2010,5,4,3,POC,2,80,0,Dead,116.469,NO,
LTER_4,2006,LTER_4_2006,1,2,1,POC,3,90,100,Live,1136.612,NO,
LTER_4,2006,LTER_4_2006,1,2,2,POC,2,80,100,Live,44.828,NO,
LTER_4,2006,LTER_4_2006,1,2,3,POC,2,50,75,Live,166.211,NO,
LTER_4,2006,LTER_4_2006,1,2,4,POC,2,50,100,Live,50.62,NO,
LTER_4,2006,LTER_4_2006,1,2,5,ACR,1,100,100,Live,10.006,NO,
LTER_4,2006,LTER_4_2006,1,2,6,ACR,1,100,100,Live,17.819,NO,
LTER_4,2009,LTER_4_2009,1,2,1,POC,3,30,95,Live,263.97,NO,
LTER_4,2009,LTER_4_2009,1,2,2,POC ,2,100,50,Live,421.352,NO,
LTER_4,2009,LTER_4_2009,1,2,3,POC ,2,90,0,Dead,396.642,YES,
LTER_4,2009,LTER_4_2009,1,2,4,POC ,2,60,95,Live,264.648,NO,
LTER_4,2009,LTER_4_2009,1,2,5,POC,3,30,100,Live,106.125,NO,
LTER_4,2010,LTER_4_2010,1,2,1,POC,3,60,50,Live,1062.082,NO,
LTER_4,2010,LTER_4_2010,1,2,2,POC,2,50,40,Dead,242.432,NO,
LTER_4,2006,LTER_4_2006,1,6,1,POC,2,100,70,Live,241.392,NO,
LTER_4,2006,LTER_4_2006,1,6,2,POC,2,30,100,Live,7.602,NO,
LTER_4,2006,LTER_4_2006,1,6,3,ACR,1,80,100,Live,27.579,NO,
LTER_4,2006,LTER_4_2006,1,6,4,POC,2,100,100,Live,129.178,NO,
LTER_4,2006,LTER_4_2006,1,6,5,POC,2,10,100,Live,28.541,NO,
LTER_4,2006,LTER_4_2006,1,6,6,POC,2,10,100,Live,21.271,NO,
LTER_4,2006,LTER_4_2006,1,6,7,POC,1,100,100,Live,12.011,NO,
LTER_4,2006,LTER_4_2006,1,6,8,POC,3,30,100,Live,25.206,NO,
LTER_4,2006,LTER_4_2006,1,6,9,POC,3,70,100,Live,135.269,NO,
LTER_4,2006,LTER_4_2006,1,6,10,POC,3,100,100,Live,308.003,NO,
LTER_4,2006,LTER_4_2006,1,6,11,ACR,1,100,100,Live,49.243,NO,
LTER_4,2006,LTER_4_2006,1,6,12,POC,2,100,100,Live,122.286,NO,
LTER_4,2006,LTER_4_2006,1,6,13,POC,3,30,100,Live,233.817,NO,
LTER_4,2006,LTER_4_2006,1,6,14,ACR,1,100,100,Live,12.811,NO,
LTER_4,2009,LTER_4_2009,1,6,1,POC,3,30,100,Live,176.471,NO,
LTER_4,2009,LTER_4_2009,1,6,2,POC,2,100,100,Live,38.931,NO,
LTER_4,2009,LTER_4_2009,1,6,3,POC,3,70,100,Live,291.829,NO,
LTER_4,2009,LTER_4_2009,1,6,4,POC,1,100,85,Live,128.422,NO,
LTER_4,2009,LTER_4_2009,1,6,5,POC,1,100,80,Live,73.412,NO,
LTER_4,2009,LTER_4_2009,1,6,6,POC,2,20,100,Live,43.768,NO,
LTER_4,2009,LTER_4_2009,1,6,7,POC,1,90,95,Live,434.262,NO,
LTER_4,2009,LTER_4_2009,1,6,8,POC,2,95,90,Live,289.387,NO,
LTER_4,2010,LTER_4_2010,1,6,1,POC,2,30,80,Live,140.967,NO,
LTER_4,2010,LTER_4_2010,1,6,2,POC,3,20,0,Dead,183.403,NO,
LTER_4,2010,LTER_4_2010,1,6,3,POC,1,70,0,Dead,316.577,NO,
LTER_4,2010,LTER_4_2010,1,6,4,POC,1,100,0,Dead,203.588,NO,
LTER_4,2010,LTER_4_2010,1,6,5,POC,1,20,0,Dead,65.046,NO,
LTER_4,2010,LTER_4_2010,1,6,6,POC,1,100,0,Dead,208.106,NO,
LTER_4,2010,LTER_4_2010,1,6,7,POC,1,100,0,Dead,171.553,NO,
LTER_4,2010,LTER_4_2010,1,6,8,POC,1,30,0,Dead,35.942,NO,
LTER_4,2010,LTER_4_2010,1,6,9,POC,2,10,0,Dead,83.009,NO,
LTER_4,2006,LTER_4_2006,2,2,1,POC,2,25,100,Live,35.475,NO,
LTER_4,2006,LTER_4_2006,2,2,2,POC,2,100,90,Live,187.868,NO,
LTER_4,2006,LTER_4_2006,2,2,3,ACR,1,100,100,Live,28.283,NO,
LTER_4,2006,LTER_4_2006,2,2,4,ACR,1,100,100,Live,78.75,NO,
LTER_4,2006,LTER_4_2006,2,2,5,POC,2,100,95,Live,127.069,NO,
LTER_4,2009,LTER_4_2009,2,2,0,,,,,,,,
LTER_4,2010,LTER_4_2010,2,2,1,POC,2,90,50,Live,255.66,NO,
LTER_4,2010,LTER_4_2010,2,2,2,POC,2,100,0,Dead,49.403,NO,
LTER_4,2010,LTER_4_2010,2,2,3,ACR,1,90,0,Dead,107.997,NO,
LTER_4,2006,LTER_4_2006,2,6,1,POC,2,100,100,Live,211.393,NO,
LTER_4,2006,LTER_4_2006,2,6,2,POC,3,70,70,Live,154.017,NO,
LTER_4,2009,LTER_4_2009,2,6,1,POC,2,80,10,Dead,393.497,NO,
LTER_4,2009,LTER_4_2009,2,6,2,POC,2,100,80,Live,380.091,NO,
LTER_4,2010,LTER_4_2010,2,6,1,POC,3,30,0,Dead,151.129,NO,
LTER_4,2010,LTER_4_2010,2,6,2,POC,1,100,60,Live,428.227,NO,
LTER_4,2006,LTER_4_2006,3,2,0,,,,,,,,
LTER_4,2009,LTER_4_2009,3,2,0,,,,,,,,
LTER_4,2010,LTER_4_2010,3,2,0,,,,,,,,
LTER_4,2006,LTER_4_2006,3,4,1,POC,2,50,100,Live,73.164,NO,
LTER_4,2006,LTER_4_2006,3,4,2,ACR,1,100,100,Live,100.604,NO,
LTER_4,2006,LTER_4_2006,3,4,3,ACR,1,90,100,Live,172.608,NO,
LTER_4,2006,LTER_4_2006,3,4,4,ACR,1,100,100,Live,29.377,NO,
LTER_4,2006,LTER_4_2006,3,4,5,POC,2,100,100,Live,13.594,NO,
LTER_4,2006,LTER_4_2006,3,4,6,POC,3,15,100,Live,61.698,NO,
LTER_4,2009,LTER_4_2009,3,4,1,POC,3,80,100,Live,492.341,NO,
LTER_4,2009,LTER_4_2009,3,4,2,ACR,1,100,0,Dead,390.432,NO,
LTER_4,2009,LTER_4_2009,3,4,3,POC,2,25,100,Live,31.991,NO,
LTER_4,2009,LTER_4_2009,3,4,4,ACR,1,100,100,Live,13.051,NO,
LTER_4,2010,LTER_4_2010,3,4,1,POC,3,50,100,Live,321.351,NO,
LTER_4,2010,LTER_4_2010,3,4,2,POC,2,90,0,Dead,125.247,NO,
LTER_4,2010,LTER_4_2010,3,4,3,ACR,1,100,0,Dead,312.384,NO,
LTER_4,2006,LTER_4_2006,4,2,1,POC,3,40,100,Live,402.913,NO,
LTER_4,2006,LTER_4_2006,4,2,2,POC,2,50,100,Live,40.884,NO,
LTER_4,2006,LTER_4_2006,4,2,3,POC,2,100,0,Dead,25.091,NO,
LTER_4,2006,LTER_4_2006,4,2,4,POC,2,100,60,Live,53.264,NO,
LTER_4,2006,LTER_4_2006,4,2,5,POC,2,100,50,Live,54.445,NO,
LTER_4,2006,LTER_4_2006,4,2,6,POC,2,50,30,Dead,30.377,NO,
LTER_4,2006,LTER_4_2006,4,2,7,POC,3,10,100,Live,41.95,NO,
LTER_4,2009,LTER_4_2009,4,2,1,POC,3,60,75,Live,919.15,NO,
LTER_4,2009,LTER_4_2009,4,2,2,POC,2,50,0,Dead,266.217,NO,
LTER_4,2009,LTER_4_2009,4,2,3,POC,2,100,0,Dead,42.54,NO,
LTER_4,2010,LTER_4_2010,4,2,1,POC,2,100,0,Dead,90.558,NO,
LTER_4,2010,LTER_4_2010,4,2,2,POC,2,25,0,Dead,55.083,NO,
LTER_4,2006,LTER_4_2006,4,6,1,POC,2,80,60,Live,527.071,NO,
LTER_4,2006,LTER_4_2006,4,6,2,POC,1,100,60,Live,54.482,NO,
LTER_4,2006,LTER_4_2006,4,6,3,POC,1,100,100,Live,33.858,NO,
LTER_4,2006,LTER_4_2006,4,6,5,POC,2,30,100,Live,36.788,NO,
LTER_4,2006,LTER_4_2006,4,6,6,POC,2,100,85,Live,237.332,NO,
LTER_4,2006,LTER_4_2006,4,6,7,POC,3,10,100,Live,27.349,NO,
LTER_4,2006,LTER_4_2006,4,6,8,POC,2,20,100,Live,28.985,NO,
LTER_4,2009,LTER_4_2009,4,6,1,POC,1,70,0,Dead,73.839,NO,
LTER_4,2009,LTER_4_2009,4,6,2,POC,1,100,95,Live,238.986,NO,
LTER_4,2009,LTER_4_2009,4,6,3,POC,3,95,0,Dead,517.908,YES,
LTER_4,2009,LTER_4_2009,4,6,4,POC,1,40,0,Dead,143.519,NO,
LTER_4,2009,LTER_4_2009,4,6,5,POC,1,90,5,Dead,354.55,NO,
LTER_4,2010,LTER_4_2010,4,6,0,,,,,,,,
LTER_4,2006,LTER_4_2006,5,2,1,POC ,2,95,70,Live,835.383,NO,
LTER_4,2006,LTER_4_2006,5,2,2,ACR,1,80,100,Live,65.625,NO,
LTER_4,2006,LTER_4_2006,5,2,3,POC ,2,60,80,Live,329.7,NO,
LTER_4,2006,LTER_4_2006,5,2,4,ACR,1,30,100,Live,39.183,NO,
LTER_4,2009,LTER_4_2009,5,2,1,POC,3,30,100,Live,197.553,NO,
LTER_4,2009,LTER_4_2009,5,2,2,POC ,2,100,5,Dead,653.527,YES,
LTER_4,2009,LTER_4_2009,5,2,3,POC,3,30,5,Dead,223.396,NO,
LTER_4,2009,LTER_4_2009,5,2,4,ACR,1,90,0,Dead,86.683,NO,
LTER_4,2009,LTER_4_2009,5,2,5,POC,2,90,0,Dead,127.237,NO,
LTER_4,2010,LTER_4_2010,5,2,1,ACR,1,100,0,Dead,465.653,NO,
LTER_4,2010,LTER_4_2010,5,2,2,POC,2,50,0,Dead,186.52,NO,
LTER_4,2006,LTER_4_2006,5,4,1,POC,3,70,40,Dead,626.193,NO,
LTER_4,2006,LTER_4_2006,5,4,2,POC,2,100,100,Live,168.042,NO,
LTER_4,2006,LTER_4_2006,5,4,3,POC,2,70,90,Live,297.277,NO,
LTER_4,2006,LTER_4_2006,5,4,4,POC,1,100,100,Live,0.944,NO,
LTER_4,2009,LTER_4_2009,5,4,1,POC,2,100,75,Live,159.343,NO,
LTER_4,2009,LTER_4_2009,5,4,2,POC,2,75,0,Dead,385.056,YES,
LTER_4,2009,LTER_4_2009,5,4,3,POC,2,50,0,Dead,352.718,YES,
LTER_4,2010,LTER_4_2010,5,4,1,POC,2,100,0,Dead,123.766,NO,
LTER_4,2010,LTER_4_2010,5,4,2,POC,2,70,0,Dead,631.815,YES,
LTER_4,2010,LTER_4_2010,5,4,3,POC,2,90,0,Dead,141.082,NO,
LTER_5,2006,LTER_5_2006,1,2,1,POC,3,20,100,Live,107.582,NO,
LTER_5,2006,LTER_5_2006,1,2,2,ACR,1,50,100,Live,19.144,NO,
LTER_5,2006,LTER_5_2006,1,2,3,POC,3,30,100,Live,146.053,NO,
LTER_5,2006,LTER_5_2006,1,2,4,POC,2,100,90,Live,559.3,NO,
LTER_5,2006,LTER_5_2006,1,2,5,ACR,1,100,60,Live,182.373,YES,
LTER_5,2006,LTER_5_2006,1,2,6,ACR,1,100,100,Live,45.757,NO,
LTER_5,2006,LTER_5_2006,1,2,7,POC,2,90,100,Live,187.932,NO,
LTER_5,2006,LTER_5_2006,1,2,8,POC,2,70,100,Live,49.585,NO,
LTER_5,2009,LTER_5_2009,1,2,1,POC,2,60,10,Dead,461.568,NO,
LTER_5,2009,LTER_5_2009,1,2,2,ACR,1,100,20,Dead,118.123,YES,
LTER_5,2009,LTER_5_2009,1,2,3,POC,2,100,0,Dead,142.405,YES,
LTER_5,2009,LTER_5_2009,1,2,4,POC,2,25,100,Live,14.04,NO,
LTER_5,2009,LTER_5_2009,1,2,5,ACR,1,50,0,Dead,71.004,YES,
LTER_5,2010,LTER_5_2010,1,2,1,POC,2,100,0,Dead,145.872,NO,
LTER_5,2010,LTER_5_2010,1,2,2,POC,2,100,0,Dead,160.199,NO,
LTER_5,2010,LTER_5_2010,1,2,3,POC,2,50,0,Dead,115.568,NO,
LTER_5,2006,LTER_5_2006,1,6,1,POC,3,60,100,Live,276.396,NO,
LTER_5,2006,LTER_5_2006,1,6,2,ACR,1,70,100,Live,66.63,NO,
LTER_5,2006,LTER_5_2006,1,6,3,ACR,1,50,100,Live,18.369,NO,
LTER_5,2006,LTER_5_2006,1,6,4,ACR,1,50,100,Live,26.918,NO,
LTER_5,2006,LTER_5_2006,1,6,5,POC,1,100,100,Live,2.675,NO,
LTER_5,2006,LTER_5_2006,1,6,6,POC,1,100,100,Live,2.476,NO,
LTER_5,2006,LTER_5_2006,1,6,7,ACR,1,100,100,Live,3.394,NO,
LTER_5,2009,LTER_5_2009,1,6,1,POC,3,15,100,Live,102.679,NO,
LTER_5,2009,LTER_5_2009,1,6,2,ACR,1,100,100,Live,140.293,NO,
LTER_5,2009,LTER_5_2009,1,6,4,ACR,1,100,100,Live,8.193,NO,
LTER_5,2009,LTER_5_2009,1,6,5,POC,1,100,0,Dead,32.025,NO,
LTER_5,2009,LTER_5_2009,1,6,6,POC,1,40,100,Live,17.412,NO,
LTER_5,2009,LTER_5_2009,1,6,7,POC,1,50,100,Live,17.273,NO,
LTER_5,2010,LTER_5_2010,1,6,1,POC,3,30,75,Live,187.343,NO,many broken branches
LTER_5,2010,LTER_5_2010,1,6,2,ACR,1,100,100,Live,4.508,NO,
LTER_5,2006,LTER_5_2006,2,4,1,POC,2,100,100,Live,174.273,NO,
LTER_5,2006,LTER_5_2006,2,4,2,POC,3,30,100,Live,72.034,NO,
LTER_5,2006,LTER_5_2006,2,4,3,ACR,1,10,100,Live,6.597,NO,
LTER_5,2006,LTER_5_2006,2,4,4,POC,2,100,100,Live,7.176,NO,
LTER_5,2006,LTER_5_2006,2,4,5,POC,2,50,100,Live,25.598,NO,
LTER_5,2006,LTER_5_2006,2,4,6,ACR,1,100,100,Live,20.208,NO,
LTER_5,2006,LTER_5_2006,2,4,7,POC,2,25,100,Live,6.308,NO,
LTER_5,2009,LTER_5_2009,2,4,1,ACR,1,100,100,Live,360.02,NO,
LTER_5,2009,LTER_5_2009,2,4,2,POC,2,100,60,Live,31.2,NO,
LTER_5,2009,LTER_5_2009,2,4,3,POC,2,75,100,Live,310.771,YES,
LTER_5,2010,LTER_5_2010,2,4,1,ACR,1,50,0,Dead,140.785,NO,
LTER_5,2010,LTER_5_2010,2,4,2,POC,2,100,0,Dead,219.806,YES,2
LTER_5,2006,LTER_5_2006,2,6,1,POC,3,70,100,Live,68.784,NO,
LTER_5,2006,LTER_5_2006,2,6,2,POC,1,70,20,Dead,335.715,NO,
LTER_5,2006,LTER_5_2006,2,6,3,POC,1,100,100,Live,3.002,NO,
LTER_5,2006,LTER_5_2006,2,6,4,ACR,1,100,100,Live,3.971,NO,
LTER_5,2006,LTER_5_2006,2,6,5,POC,1,100,100,Live,1.299,NO,
LTER_5,2009,LTER_5_2009,2,6,1,POC,1,100,100,Live,6.285,NO,
LTER_5,2009,LTER_5_2009,2,6,2,ACR,1,100,100,Live,2.934,NO,
LTER_5,2009,LTER_5_2009,2,6,3,POC,3,5,100,Live,17.089,NO,
LTER_5,2009,LTER_5_2009,2,6,4,POC,1,100,100,Live,13.342,NO,
LTER_5,2009,LTER_5_2009,2,6,5,POC,3,20,100,Live,37.424,NO,
LTER_5,2009,LTER_5_2009,2,6,6,POC,1,100,100,Live,4.54,NO,
LTER_5,2009,LTER_5_2009,2,6,7,POC,2,30,100,Live,36.642,NO,
LTER_5,2009,LTER_5_2009,2,6,8,POC,1,50,100,Live,15.493,NO,
LTER_5,2009,LTER_5_2009,2,6,9,POC,2,30,100,Live,29.624,NO,
LTER_5,2009,LTER_5_2009,2,6,10,ACR,1,65,100,Live,28.74,NO,
LTER_5,2009,LTER_5_2009,2,6,11,ACR,1,100,100,Live,1.448,NO,
LTER_5,2010,LTER_5_2010,2,6,1,POC,2,25,100,Live,14.343,NO,
LTER_5,2010,LTER_5_2010,2,6,2,POC,1,100,100,Live,17.682,NO,
LTER_5,2010,LTER_5_2010,2,6,3,POC,2,30,100,Live,67.173,NO,
LTER_5,2010,LTER_5_2010,2,6,4,POC,2,20,100,Live,36.967,NO,
LTER_5,2010,LTER_5_2010,2,6,5,POC,2,10,100,Live,14.992,NO,
LTER_5,2006,LTER_5_2006,3,2,1,POC,3,50,100,Live,436.874,NO,
LTER_5,2006,LTER_5_2006,3,2,2,ACR,1,100,100,Live,83.724,NO,
LTER_5,2006,LTER_5_2006,3,2,3,POC,2,50,40,Dead,213.719,NO,
LTER_5,2009,LTER_5_2009,3,2,1,POC,3,30,90,Live,350.41,NO,
LTER_5,2009,LTER_5_2009,3,2,2,ACR,1,100,0,Dead,30.584,NO,
LTER_5,2009,LTER_5_2009,3,2,3,ACR,1,100,0,Dead,50.4,NO,
LTER_5,2010,LTER_5_2010,3,2,0,,,,,,,,
LTER_5,2006,LTER_5_2006,3,6,1,POC,2,60,100,Live,100.258,NO,
LTER_5,2006,LTER_5_2006,3,6,2,POC,2,100,100,Live,29.5,NO,
LTER_5,2006,LTER_5_2006,3,6,3,POC,3,50,100,Live,215.7,NO,
LTER_5,2006,LTER_5_2006,3,6,5,POC,1,100,100,Live,2.003,NO,
LTER_5,2009,LTER_5_2009,3,6,1,POC,1,100,100,Live,43.862,NO,
LTER_5,2009,LTER_5_2009,3,6,2,POC,1,90,100,Live,202.766,NO,
LTER_5,2009,LTER_5_2009,3,6,3,?,1,100,0,Dead,50.597,NO,
LTER_5,2009,LTER_5_2009,3,6,4,ACR,1,100,100,Live,20.369,NO,
LTER_5,2009,LTER_5_2009,3,6,5,POC,2,40,100,Live,120.254,NO,
LTER_5,2009,LTER_5_2009,3,6,6,ACR,1,30,100,Live,51.606,NO,
LTER_5,2010,LTER_5_2010,3,6,1,POC,2,95,100,Live,162.778,NO,
LTER_5,2006,LTER_5_2006,4,2,1,POC,2,60,100,Live,166.397,NO,
LTER_5,2006,LTER_5_2006,4,2,2,POC,2,80,80,Live,297.346,NO,
LTER_5,2006,LTER_5_2006,4,2,3,POC,3,100,50,Live,68.574,NO,
LTER_5,2006,LTER_5_2006,4,2,4,POC,3,100,50,Live,63.003,NO,
LTER_5,2006,LTER_5_2006,4,2,5,ACR,1,100,100,Live,22.572,NO,
LTER_5,2009,LTER_5_2009,4,2,1,POC,2,60,10,Dead,293.443,YES,
LTER_5,2009,LTER_5_2009,4,2,2,POC,3,100,100,Live,207.129,NO,
LTER_5,2009,LTER_5_2009,4,2,3,ACR,1,100,0,Dead,75.19,NO,
LTER_5,2010,LTER_5_2010,4,2,1,POC,3,100,100,Live,257.377,NO,
LTER_5,2010,LTER_5_2010,4,2,2,POC,2,90,0,Dead,266.683,NO,
LTER_5,2006,LTER_5_2006,4,4,1,POC,2,100,100,Live,71.406,NO,
LTER_5,2006,LTER_5_2006,4,4,2,ACR,1,100,100,Live,18.854,NO,
LTER_5,2006,LTER_5_2006,4,4,3,POC,3,75,60,Live,405.763,NO,
LTER_5,2006,LTER_5_2006,4,4,4,ACR,1,60,100,Live,63.262,NO,
LTER_5,2006,LTER_5_2006,4,4,5,ACR,1,100,100,Live,17.512,NO,
LTER_5,2006,LTER_5_2006,4,4,6,ACR,1,100,100,Live,23.383,NO,
LTER_5,2009,LTER_5_2009,4,4,1,POC,3,30,95,Live,217.195,NO,
LTER_5,2009,LTER_5_2009,4,4,2,ACR,1,100,100,Live,6.677,NO,
LTER_5,2009,LTER_5_2009,4,4,3,ACR,1,100,100,Live,14.7,NO,
LTER_5,2009,LTER_5_2009,4,4,4,ACR,1,100,90,Live,16.673,NO,
LTER_5,2009,LTER_5_2009,4,4,5,ACR,1,100,100,Live,8.202,NO,
LTER_5,2010,LTER_5_2010,4,4,0,,,,,,,,
LTER_5,2006,LTER_5_2006,5,2,1,POC,2,10,100,Live,11.299,NO,
LTER_5,2009,LTER_5_2009,5,2,1,POC,2,95,100,Live,78.782,NO,
LTER_5,2009,LTER_5_2009,5,2,2,POC,3,10,100,Live,37.425,NO,
LTER_5,2009,LTER_5_2009,5,2,3,ACR,1,100,100,Live,8.898,NO,
LTER_5,2009,LTER_5_2009,5,2,4,ACR,1,100,100,Live,10.12,NO,
LTER_5,2010,LTER_5_2010,5,2,0,,,,,,,,
LTER_5,2006,LTER_5_2006,5,6,1,POC,3,20,100,Live,144.556,NO,
LTER_5,2006,LTER_5_2006,5,6,2,POC,1,100,100,Live,26.811,NO,
LTER_5,2006,LTER_5_2006,5,6,3,POC,1,75,50,Live,143.38,NO,
LTER_5,2009,LTER_5_2009,5,6,1,POC,1,80,90,Live,199.914,NO,
LTER_5,2009,LTER_5_2009,5,6,2,POC,1,100,95,Live,335.172,NO,
LTER_5,2009,LTER_5_2009,5,6,3,ACR,1,100,100,Live,17.697,NO,
LTER_5,2009,LTER_5_2009,5,6,4,POC,3,70,100,Live,944.666,NO,
LTER_5,2009,LTER_5_2009,5,6,5,POC,1,100,100,Live,21.983,NO,
LTER_5,2009,LTER_5_2009,5,6,6,POC,1,100,50,Live,12.972,NO,
LTER_5,2010,LTER_5_2010,5,6,2,POC,2,65,100,Live,151.842,NO,
LTER_5,2010,LTER_5_2010,5,6,3,POC,3,90,10,Dead,723.303,NO,
LTER_6,2006,LTER_6_2006,1,2,1,POC,2,50,100,Live,80.685,NO,
LTER_6,2006,LTER_6_2006,1,2,2,POC,2,90,100,Live,122.622,NO,
LTER_6,2006,LTER_6_2006,1,2,3,ACR,1,100,100,Live,7.251,NO,
LTER_6,2006,LTER_6_2006,1,2,4,POC,2,100,100,Live,27.729,NO,
LTER_6,2006,LTER_6_2006,1,2,5,POC,2,80,100,Live,64.198,NO,
LTER_6,2009,LTER_6_2009,1,2,1,POC,2,80,0,Dead,408.828,YES,
LTER_6,2009,LTER_6_2009,1,2,2,ACR,1,100,0,Dead,23.481,NO,
LTER_6,2010,LTER_6_2010,1,2,1,POC,2,50,0,Dead,125.631,NO,
LTER_6,2010,LTER_6_2010,1,2,2,ACR,1,100,100,Live,11.548,NO,
LTER_6,2006,LTER_6_2006,1,4,1,POC,2,60,100,Live,318.759,NO,
LTER_6,2006,LTER_6_2006,1,4,2,POC,2,95,100,Live,326.768,NO,
LTER_6,2006,LTER_6_2006,1,4,3,POC,2,100,100,Live,67.432,NO,
LTER_6,2006,LTER_6_2006,1,4,4,POC,2,50,95,Live,216.729,NO,
LTER_6,2006,LTER_6_2006,1,4,5,POC,2,100,100,Live,13.034,NO,
LTER_6,2006,LTER_6_2006,1,4,6,POC,2,70,100,Live,165.336,NO,
LTER_6,2006,LTER_6_2006,1,4,7,POC,2,30,100,Live,30.066,NO,
LTER_6,2006,LTER_6_2006,1,4,8,ACR,1,100,100,Live,80.916,NO,
LTER_6,2006,LTER_6_2006,1,4,9,ACR,1,100,100,Live,4.46,NO,
LTER_6,2009,LTER_6_2009,1,4,1,POC,2,90,0,Dead,51.324,NO,
LTER_6,2009,LTER_6_2009,1,4,2,POC,2,100,0,Dead,127.485,YES,
LTER_6,2009,LTER_6_2009,1,4,3,POC,2,100,0,Dead,187.627,YES,
LTER_6,2009,LTER_6_2009,1,4,4,POC,2,100,0,Dead,289.863,YES,
LTER_6,2009,LTER_6_2009,1,4,5,POC,2,60,0,Dead,218.202,YES,
LTER_6,2009,LTER_6_2009,1,4,6,POC,2,95,0,Dead,339.257,YES,
LTER_6,2010,LTER_6_2010,1,4,1,ACR,2,60,0,Dead,37.355,YES,
LTER_6,2010,LTER_6_2010,1,4,2,POC,1,100,0,Dead,185.948,YES,
LTER_6,2006,LTER_6_2006,2,2,1,POC,2,80,90,Live,455.082,NO,
LTER_6,2006,LTER_6_2006,2,2,2,POC,2,100,100,Live,47.651,NO,
LTER_6,2006,LTER_6_2006,2,2,3,POC,2,100,100,Live,59.479,NO,
LTER_6,2006,LTER_6_2006,2,2,4,POC,3,25,100,Live,165.319,NO,
LTER_6,2006,LTER_6_2006,2,2,5,ACR,1,100,100,Live,96.51,NO,
LTER_6,2009,LTER_6_2009,2,2,1,POC,3,60,0,Dead,501.827,NO,
LTER_6,2009,LTER_6_2009,2,2,2,POC,2,95,0,Dead,101.447,NO,
LTER_6,2009,LTER_6_2009,2,2,3,POC,2,50,0,Dead,36.828,YES,
LTER_6,2010,LTER_6_2010,2,2,1,POC,2,50,0,Dead,341.88,NO,
LTER_6,2010,LTER_6_2010,2,2,2,ACR,1,100,0,Dead,66.712,NO,
LTER_6,2006,LTER_6_2006,2,4,1,POC,3,25,100,Live,74.467,NO,
LTER_6,2006,LTER_6_2006,2,4,2,POC,1,50,0,Dead,46.356,NO,
LTER_6,2006,LTER_6_2006,2,4,3,ACR,1,100,100,Live,14.89,NO,
LTER_6,2006,LTER_6_2006,2,4,4,POC,2,100,100,Live,157.277,NO,
LTER_6,2006,LTER_6_2006,2,4,5,POC,2,50,100,Live,202.83,NO,
LTER_6,2006,LTER_6_2006,2,4,6,POC,2,25,100,Live,50.337,NO,
LTER_6,2009,LTER_6_2009,2,4,1,POC,2,95,0,Dead,266.402,YES,
LTER_6,2009,LTER_6_2009,2,4,2,POC,2,70,0,Dead,106.846,YES,
LTER_6,2010,LTER_6_2010,2,4,0,,,,,,,,
LTER_6,2006,LTER_6_2006,3,2,1,POC,2,70,100,Live,225.821,NO,
LTER_6,2006,LTER_6_2006,3,2,2,POC,2,20,100,Live,18.497,NO,
LTER_6,2006,LTER_6_2006,3,2,3,POC,2,50,100,Live,85.398,NO,
LTER_6,2006,LTER_6_2006,3,2,4,POC,2,100,100,Live,37.697,NO,
LTER_6,2006,LTER_6_2006,3,2,5,ACR,1,100,100,Live,99.495,NO,
LTER_6,2009,LTER_6_2009,3,2,1,ACR,1,100,0,Dead,87.447,YES,
LTER_6,2009,LTER_6_2009,3,2,2,POC,2,60,0,Dead,151.733,YES,
LTER_6,2009,LTER_6_2009,3,2,3,POC,2,30,0,Dead,95.145,YES,
LTER_6,2010,LTER_6_2010,3,2,1,POC,2,70,0,Dead,400.171,NO,
LTER_6,2006,LTER_6_2006,3,4,1,POC,2,40,50,Live,71.268,NO,
LTER_6,2006,LTER_6_2006,3,4,2,POC,2,100,95,Live,242.862,NO,
LTER_6,2006,LTER_6_2006,3,4,3,ACR,1,100,100,Live,30.228,NO,
LTER_6,2006,LTER_6_2006,3,4,4,POC,2,100,100,Live,15.23,NO,
LTER_6,2006,LTER_6_2006,3,4,5,POC,3,100,60,Live,296.698,NO,
LTER_6,2006,LTER_6_2006,3,4,6,POC,2,60,90,Live,60.961,NO,
LTER_6,2006,LTER_6_2006,3,4,7,ACR,1,60,100,Live,128.107,NO,
LTER_6,2006,LTER_6_2006,3,4,8,POC,2,100,100,Live,15.11,NO,
LTER_6,2006,LTER_6_2006,3,4,9,POC,2,30,100,Live,46.822,NO,
LTER_6,2006,LTER_6_2006,3,4,10,POC,2,25,100,Live,43.78,NO,
LTER_6,2009,LTER_6_2009,3,4,1,ACR,1,80,0,Dead,112.159,YES,
LTER_6,2009,LTER_6_2009,3,4,2,POC,2,100,0,Dead,47.058,YES,
LTER_6,2009,LTER_6_2009,3,4,3,POC,2,80,0,Dead,266.563,YES,
LTER_6,2009,LTER_6_2009,3,4,4,POC,2,95,0,Dead,278.028,YES,
LTER_6,2009,LTER_6_2009,3,4,5,POC,2,50,0,Dead,38.434,YES,
LTER_6,2009,LTER_6_2009,3,4,6,POC,2,80,0,Dead,94.877,YES,
LTER_6,2009,LTER_6_2009,3,4,7,POC,2,100,0,Dead,209.692,YES,
LTER_6,2010,LTER_6_2010,3,4,1,POC,2,100,0,Dead,269.421,NO,
LTER_6,2006,LTER_6_2006,4,2,1,POC,2,100,100,Live,162.497,NO,
LTER_6,2006,LTER_6_2006,4,2,2,POC,2,100,100,Live,94.911,NO,
LTER_6,2006,LTER_6_2006,4,2,3,POC,2,60,100,Live,121.306,NO,
LTER_6,2006,LTER_6_2006,4,2,4,ACR,1,100,20,Dead,226.939,NO,
LTER_6,2006,LTER_6_2006,4,2,5,ACR,1,30,100,Live,17.577,NO,
LTER_6,2006,LTER_6_2006,4,2,6,POC,2,100,0,Dead,6.325,NO,
LTER_6,2006,LTER_6_2006,4,2,7,ACR,1,50,50,Live,7.011,NO,
LTER_6,2006,LTER_6_2006,4,2,8,POC,3,60,100,Live,106.828,NO,
LTER_6,2009,LTER_6_2009,4,2,1,POC,2,80,100,Live,206.995,NO,
LTER_6,2009,LTER_6_2009,4,2,2,ACR,1,100,0,Dead,260.469,NO,
LTER_6,2009,LTER_6_2009,4,2,3,POC,2,90,0,Dead,182.359,NO,
LTER_6,2009,LTER_6_2009,4,2,4,ACR,1,70,0,Dead,15.599,NO,
LTER_6,2010,LTER_6_2010,4,2,1,POC,2,40,0,Dead,288.915,NO,
LTER_6,2010,LTER_6_2010,4,2,2,ACR,1,100,0,Dead,88.064,NO,
LTER_6,2006,LTER_6_2006,4,4,1,POC,2,50,100,Live,34.294,NO,
LTER_6,2006,LTER_6_2006,4,4,2,ACR,1,50,100,Live,144.221,NO,
LTER_6,2006,LTER_6_2006,4,4,3,POC,2,100,100,Live,75.68,NO,
LTER_6,2006,LTER_6_2006,4,4,4,ACR,1,100,70,Live,26.775,NO,
LTER_6,2006,LTER_6_2006,4,4,5,POC,1,100,100,Live,6.829,NO,
LTER_6,2009,LTER_6_2009,4,4,1,POC,2,100,0,Dead,111.081,YES,
LTER_6,2009,LTER_6_2009,4,4,2,ACR,1,100,0,Dead,317.01,NO,
LTER_6,2009,LTER_6_2009,4,4,3,POC,3,50,0,Dead,253.372,YES,
LTER_6,2009,LTER_6_2009,4,4,4,POC,2,100,0,Dead,81.416,NO,
LTER_6,2009,LTER_6_2009,4,4,5,ACR,1,80,0,Dead,74.39,NO,
LTER_6,2009,LTER_6_2009,4,4,6,POC,2,60,0,Dead,177.992,YES,
LTER_6,2010,LTER_6_2010,4,4,1,ACR,1,50,0,Dead,143.225,NO,
LTER_6,2010,LTER_6_2010,4,4,2,POC,2,100,0,Dead,86.441,NO,
LTER_6,2006,LTER_6_2006,5,2,1,POC,3,50,100,Live,142.045,NO,
LTER_6,2006,LTER_6_2006,5,2,2,ACR,1,80,100,Live,152.955,NO,
LTER_6,2006,LTER_6_2006,5,2,3,ACR,1,50,100,Live,16.404,NO,
LTER_6,2006,LTER_6_2006,5,2,4,POC,2,100,95,Live,447.896,NO,
LTER_6,2006,LTER_6_2006,5,2,5,POC,2,80,60,Live,311.932,NO,
LTER_6,2006,LTER_6_2006,5,2,6,POC,2,25,100,Live,26.017,NO,
LTER_6,2006,LTER_6_2006,5,2,7,ACR,1,100,100,Live,6.751,NO,
LTER_6,2006,LTER_6_2006,5,2,8,ACR,1,100,100,Live,34.5,NO,
LTER_6,2006,LTER_6_2006,5,2,9,ACR,1,100,80,Live,75.873,NO,
LTER_6,2009,LTER_6_2009,5,2,1,POC,3,80,0,Dead,336.481,NO,
LTER_6,2009,LTER_6_2009,5,2,2,ACR,1,100,0,Dead,145.672,NO,
LTER_6,2009,LTER_6_2009,5,2,3,POC,2,100,0,Dead,124.135,NO,
LTER_6,2009,LTER_6_2009,5,2,4,ACR,1,100,0,Dead,39.99,NO,
LTER_6,2009,LTER_6_2009,5,2,5,ACR,1,100,60,Live,18.619,NO,
LTER_6,2009,LTER_6_2009,5,2,6,POC,2,100,0,Dead,353.986,YES,
LTER_6,2009,LTER_6_2009,5,2,7,POC,2,90,0,Dead,441.752,NO,
LTER_6,2010,LTER_6_2010,5,2,1,POC,2,100,0,Dead,525.77,NO,
LTER_6,2010,LTER_6_2010,5,2,2,POC,2,100,0,Dead,114.165,NO,
LTER_6,2006,LTER_6_2006,5,4,1,POC,2,100,80,Live,475.061,NO,
LTER_6,2006,LTER_6_2006,5,4,2,ACR,1,100,100,Live,16.723,NO,
LTER_6,2006,LTER_6_2006,5,4,3,ACR,1,60,100,Live,19.772,NO,
LTER_6,2006,LTER_6_2006,5,4,4,POC,2,100,100,Live,17.208,NO,
LTER_6,2006,LTER_6_2006,5,4,5,POC,2,50,100,Live,16.976,NO,
LTER_6,2006,LTER_6_2006,5,4,6,POC,2,60,100,Live,28.573,NO,
LTER_6,2006,LTER_6_2006,5,4,7,POC,2,100,70,Live,59.749,NO,
LTER_6,2006,LTER_6_2006,5,4,8,POC,2,100,100,Live,30.459,NO,
LTER_6,2006,LTER_6_2006,5,4,9,POC,2,100,100,Live,103.399,NO,
LTER_6,2006,LTER_6_2006,5,4,10,POC,2,100,100,Live,39.89,NO,
LTER_6,2006,LTER_6_2006,5,4,11,ACR,1,100,0,Dead,4.834,NO,
LTER_6,2009,LTER_6_2009,5,4,1,POC,2,100,0,Dead,409.789,YES,
LTER_6,2009,LTER_6_2009,5,4,2,POC,2,100,0,Dead,58.953,NO,
LTER_6,2009,LTER_6_2009,5,4,3,POC,2,100,0,Dead,39.673,NO,
LTER_6,2009,LTER_6_2009,5,4,4,POC,2,100,0,Dead,22.246,NO,
LTER_6,2009,LTER_6_2009,5,4,5,ACR,1,40,0,Dead,9.54,NO,
LTER_6,2009,LTER_6_2009,5,4,6,ACR,1,50,50,Live,71.809,NO,
LTER_6,2009,LTER_6_2009,5,4,7,POC,2,50,70,Live,143.677,NO,
LTER_6,2010,LTER_6_2010,5,4,1,ACR,1,100,0,Dead,215.697,NO,
LTER_6,2010,LTER_6_2010,5,4,2,POC,2,50,0,Dead,148.543,YES,
LTER_1,2011,LTER_1_2011,1,2,0,,,,,,,,
LTER_1,2011,LTER_1_2011,2,2,1,POC,2,100,100,Live,1.588,NO,
LTER_1,2011,LTER_1_2011,2,2,2,POC,2,100,100,Live,4.293,NO,
LTER_1,2011,LTER_1_2011,3,2,1,POC,2,100,100,Live,1.962,NO,
LTER_1,2011,LTER_1_2011,4,2,1,POC,2,100,100,Live,0.835,NO,
LTER_1,2011,LTER_1_2011,5,2,1,POC,2,100,100,Live,1.166,NO,
LTER_1,2011,LTER_1_2011,5,2,2,POC,2,100,100,Live,0.394,NO,
LTER_1,2011,LTER_1_2011,1,4,1,POC,2,60,0,Dead,92.095,YES,
LTER_1,2011,LTER_1_2011,2,4,1,POC,2,100,100,Live,1.252,NO,
LTER_1,2011,LTER_1_2011,2,4,2,POC,2,100,100,Live,1.445,NO,
LTER_1,2011,LTER_1_2011,3,4,1,POC,2,100,100,Live,0.887,NO,
LTER_1,2011,LTER_1_2011,3,4,2,POC,2,100,100,Live,0.471,NO,
LTER_1,2011,LTER_1_2011,3,4,3,POC,2,100,100,Live,1.34,NO,
LTER_1,2011,LTER_1_2011,3,4,4,POC,2,100,100,Live,0.535,NO,
LTER_1,2011,LTER_1_2011,4,4,1,POC,1,50,0,Dead,100.748,YES,
LTER_1,2011,LTER_1_2011,4,4,2,POC,2,100,100,Live,0.339,NO,
LTER_1,2011,LTER_1_2011,4,4,3,POC,2,100,100,Live,1.341,NO,
LTER_1,2011,LTER_1_2011,4,4,4,POC,2,100,100,Live,1.522,NO,
LTER_1,2011,LTER_1_2011,4,4,5,POC,2,100,100,Live,0.755,NO,
LTER_1,2011,LTER_1_2011,5,4,1,POC,2,100,100,Live,0.861,NO,
LTER_2,2011,LTER_2_2011,1,2,1,POC,2,60,0,Dead,169.967,YES,
LTER_2,2011,LTER_2_2011,1,2,2,POC,2,100,100,Live,1.133,NO,
LTER_2,2011,LTER_2_2011,1,2,3,POC,2,100,100,Live,8.32,NO,
LTER_2,2011,LTER_2_2011,2,2,1,POC,2,100,100,Live,4.683,NO,
LTER_2,2011,LTER_2_2011,3,2,1,POC,2,100,100,Live,0.835,NO,
LTER_2,2011,LTER_2_2011,4,2,0,,,,,,,,
LTER_2,2011,LTER_2_2011,5,2,1,POC,2,100,100,Live,1.755,NO,
LTER_2,2011,LTER_2_2011,5,2,2,POC,2,100,100,Live,1.987,NO,
LTER_2,2011,LTER_2_2011,2,4,1,POC,2,100,100,Live,1.269,NO,
LTER_2,2011,LTER_2_2011,2,4,2,POC,2,100,100,Live,0.712,NO,
LTER_2,2011,LTER_2_2011,2,4,3,POC,2,100,100,Live,13.691,NO,
LTER_2,2011,LTER_2_2011,2,4,4,POC,1,95,0,Dead,223.379,NO,
LTER_2,2011,LTER_2_2011,3,4,0,,,,,,,,
LTER_2,2011,LTER_2_2011,4,4,1,POC,2,100,100,Live,6.1,NO,
LTER_2,2011,LTER_2_2011,5,4,1,POC,2,100,100,Live,8.665,NO,
LTER_3,2011,LTER_3_2011,1,2,1,ACR,1,95,0,Dead,381.553,NO,
LTER_3,2011,LTER_3_2011,1,2,2,POC,3,100,0,Dead,129.705,NO,
LTER_3,2011,LTER_3_2011,1,2,3,POC,3,100,0,Dead,57.995,NO,
LTER_3,2011,LTER_3_2011,2,2,1,POC,2,100,7,Dead,37.687,NO,
LTER_3,2011,LTER_3_2011,3,2,1,POC,2,100,0,Dead,41.003,NO,
LTER_3,2011,LTER_3_2011,4,2,0,,,,,,,,
LTER_3,2011,LTER_3_2011,5,2,1,POC,2,100,0,Dead,86.202,NO,
LTER_3,2011,LTER_3_2011,5,2,2,ACR,1,100,0,Dead,146.991,NO,
LTER_3,2011,LTER_3_2011,1,4,1,ACR,1,80,0,Dead,48.252,NO,
LTER_3,2011,LTER_3_2011,1,4,2,POC,3,100,0,Dead,175.119,NO,
LTER_3,2011,LTER_3_2011,2,4,0,,,,,,,,
LTER_3,2011,LTER_3_2011,3,4,1,POC,2,60,0,Dead,49.579,NO,
LTER_3,2011,LTER_3_2011,4,4,1,POC,2,90,0,Dead,614.614,NO,
LTER_3,2011,LTER_3_2011,4,4,2,POC,2,40,0,Dead,66.522,NO,
LTER_3,2011,LTER_3_2011,5,4,1,POC,3,80,0,Dead,150.929,YES,
LTER_4,2011,LTER_4_2011,1,2,0,,,,,,,,
LTER_4,2011,LTER_4_2011,2,2,1,POC,2,100,0,Dead,92.731,NO,
LTER_4,2011,LTER_4_2011,2,2,2,POC,2,30,0,Dead,29.868,NO,
LTER_4,2011,LTER_4_2011,3,2,0,,,,,,,,
LTER_4,2011,LTER_4_2011,4,2,0,,,,,,,,
LTER_4,2011,LTER_4_2011,5,2,1,POC,2,70,0,Dead,185.04,YES,
LTER_4,2011,LTER_4_2011,5,2,2,POC,3,100,100,Live,20.008,NO,
LTER_4,2011,LTER_4_2011,3,4,1,ACR,1,90,0,Dead,87.683,NO,
LTER_4,2011,LTER_4_2011,3,4,2,POC,2,50,0,Dead,102.995,NO,
LTER_4,2011,LTER_4_2011,3,4,3,POC,2,60,0,Dead,92.856,NO,
LTER_4,2011,LTER_4_2011,5,4,1,POC,2,60,0,Dead,164.382,NO,
LTER_5,2011,LTER_5_2011,1,2,1,POC,2,100,0,Dead,101.016,YES,
LTER_5,2011,LTER_5_2011,3,2,0,POC,3,60,5,Dead,518.999,YES,
LTER_5,2011,LTER_5_2011,4,2,1,POC,3,90,0,Dead,317.66,YES,
LTER_5,2011,LTER_5_2011,4,2,2,POC,3,100,0,Dead,212.615,YES,
LTER_5,2011,LTER_5_2011,5,2,0,,,,,,,,
LTER_5,2011,LTER_5_2011,2,4,1,POC,2,50,80,Live,169.293,NO,
LTER_5,2011,LTER_5_2011,2,4,2,POC,2,100,100,Live,40.377,NO,
LTER_5,2011,LTER_5_2011,2,4,3,POC,2,90,0,Dead,293.616,YES,
LTER_5,2011,LTER_5_2011,4,4,1,POC,2,30,100,Live,69.429,NO,
LTER_5,2011,LTER_5_2011,4,4,2,POC,2,100,100,Live,3.694,NO,
LTER_6,2011,LTER_6_2011,1,2,1,POC,2,100,100,Live,24.862,NO,
LTER_6,2011,LTER_6_2011,1,2,2,POC,2,100,100,Live,5.695,NO,
LTER_6,2011,LTER_6_2011,1,2,3,POC,2,100,100,Live,3.578,NO,
LTER_6,2011,LTER_6_2011,1,2,4,POC,2,100,100,Live,5.371,NO,
LTER_6,2011,LTER_6_2011,1,2,5,POC,2,100,100,Live,5.715,NO,
LTER_6,2011,LTER_6_2011,1,2,6,POC,2,100,100,Live,4.24,NO,
LTER_6,2011,LTER_6_2011,1,2,7,POC,2,25,0,Dead,53.898,NO,
LTER_6,2011,LTER_6_2011,2,2,1,POC,2,40,5,Dead,189.712,YES,
LTER_6,2011,LTER_6_2011,2,2,2,POC,2,100,0,Dead,104.387,YES,
LTER_6,2011,LTER_6_2011,3,2,1,POC,2,100,0,Dead,12.892,NO,
LTER_6,2011,LTER_6_2011,3,2,2,POC,2,100,0,Dead,1.189,NO,
LTER_6,2011,LTER_6_2011,3,2,3,POC,2,50,0,Dead,102.659,YES,
LTER_6,2011,LTER_6_2011,4,2,1,POC,2,100,100,Live,18.294,NO,
LTER_6,2011,LTER_6_2011,4,2,2,POC,2,100,100,Live,2.353,NO,
LTER_6,2011,LTER_6_2011,4,2,3,POC,2,100,100,Live,2.414,NO,
LTER_6,2011,LTER_6_2011,4,2,4,POC,2,95,5,Dead,194.198,NO,
LTER_6,2011,LTER_6_2011,4,2,5,POC,2,100,0,Dead,69.439,NO,
LTER_6,2011,LTER_6_2011,4,2,6,ACR,1,100,100,Live,13.642,YES,
LTER_6,2011,LTER_6_2011,5,2,1,POC,3,60,0,Dead,296.051,YES,
LTER_6,2011,LTER_6_2011,5,2,2,POC,2,80,2.5,Dead,303.094,YES,
LTER_6,2011,LTER_6_2011,5,2,3,POC,2,100,0,Dead,89.068,YES,
LTER_6,2011,LTER_6_2011,1,4,1,POC,2,25,0,Dead,33.13,YES,
LTER_6,2011,LTER_6_2011,1,4,2,POC,2,100,100,Live,5.651,NO,
LTER_6,2011,LTER_6_2011,1,4,3,POC,2,100,100,Live,2.485,NO,
LTER_6,2011,LTER_6_2011,3,4,1,POC,2,100,0,Dead,4.186,NO,
LTER_6,2011,LTER_6_2011,3,4,2,POC,2,100,0,Dead,2.569,NO,
LTER_6,2011,LTER_6_2011,4,4,1,ACR,1,100,100,Live,6.772,NO,
LTER_6,2011,LTER_6_2011,4,4,2,POC,2,90,1,Dead,298.492,YES,
LTER_6,2011,LTER_6_2011,4,4,3,POC,2,50,0,Dead,108.781,YES,
LTER_6,2011,LTER_6_2011,4,4,4,POC,2,100,100,Live,6.611,NO,
LTER_6,2011,LTER_6_2011,4,4,5,POC,2,100,100,Live,4.957,NO,
LTER_6,2011,LTER_6_2011,5,4,1,ACR,1,40,0,Dead,109.508,NO,
LTER_6,2011,LTER_6_2011,5,4,2,POC,2,100,0,Dead,364.005,YES,
LTER_6,2011,LTER_6_2011,5,4,3,POC,2,50,0,Dead,178.616,YES,
LTER_6,2011,LTER_6_2011,5,4,4,POC,2,100,100,Live,13.393,NO,
LTER_2,2011,LTER_2_2011,1,6,0,,,,,,,,
LTER_4,2011,LTER_4_2011,1,6,1,POC,3,100,7,Dead,259.436,YES,
LTER_4,2011,LTER_4_2011,1,6,2,POC,2,100,0,Dead,121.396,YES,
LTER_4,2011,LTER_4_2011,1,6,3,POC,2,50,50,Live,169.033,NO,
LTER_4,2011,LTER_4_2011,1,6,4,POC,2,50,100,Live,6.733,NO,
LTER_4,2011,LTER_4_2011,2,6,1,POC,2,100,100,Live,2.495,NO,
LTER_4,2011,LTER_4_2011,4,6,1,POC,2,100,100,Live,6.042,NO,
LTER_5,2011,LTER_5_2011,1,6,1,ACR,1,100,100,Live,19.74,NO,
LTER_5,2011,LTER_5_2011,1,6,2,POC,3,50,75,Live,173.997,NO,
LTER_5,2011,LTER_5_2011,2,6,1,POC,2,100,100,Live,45.441,NO,
LTER_5,2011,LTER_5_2011,2,6,2,POC,2,100,100,Live,33.73,NO,
LTER_5,2011,LTER_5_2011,2,6,3,POC,2,50,100,Live,16.084,NO,
LTER_5,2011,LTER_5_2011,2,6,4,POC,3,100,100,Live,340.114,NO,
LTER_5,2011,LTER_5_2011,2,6,5,ACR,1,100,100,Live,21.232,NO,
LTER_5,2011,LTER_5_2011,2,6,6,POC,2,30,100,Live,5.283,NO,
LTER_5,2011,LTER_5_2011,3,6,1,POC,1,70,100,Live,256.976,NO,
LTER_5,2011,LTER_5_2011,3,6,2,POC,2,100,100,Live,2.991,NO,
LTER_5,2011,LTER_5_2011,5,6,0,,,,,,,,
LTER_6,2011,LTER_6_2011,2,6,1,POC,2,70,0,Dead,72.046,YES,
LTER_6,2011,LTER_6_2011,2,6,2,POC,2,100,100,Live,8.08,NO,
